{"cameraMode":{"drawMode":0,"name":"Shaded","section":"Shading Mode"},"sceneLighting":true,"audioPlay":false,"sceneViewState":{"showFog":true,"showMaterialUpdate":false,"showSkybox":true,"showFlares":true,"showImageEffects":true,"showParticleSystems":true},"in2DMode":false,"pivot":{"x":-18.678024291992189,"y":-17.711509704589845,"z":-45.33018112182617},"rotation":{"x":0.1901453137397766,"y":0.807046115398407,"z":-0.3560580015182495,"w":0.4309876263141632},"size":132.63841247558595,"orthographic":false}